3L	avgtrue	avgctrl	+3s	-3s
-4.0	0.8636363636363638	1.0030303030303032	2.038299718540997	-0.032239112480390464
-3.0	1.276315789473684	1.1280701754385967	1.6654814173164678	0.5906589335607255
-2.0	1.0226244343891395	1.174057315233785	1.3881307197261372	0.9599839107414327
-1.0	1.2423398328690805	1.1884865366759514	1.3627665812783025	1.0142064920736003
0.0	1.3315649867374015	1.1747126436781614	1.3674824690341516	0.9819428183221712
1.0	1.0621621621621606	1.186846846846845	1.3103788191417411	1.0633148745519487
2.0	1.1222570532915364	1.1642633228840125	1.2956269422824402	1.0328997034855847
3.0	1.34090909090909	1.1782828282828277	1.7743434563515892	0.5822222002140662
4.0	0.7428571428571429	1.16	1.872585732144544	0.4474142678554558
