2R	avgtrue	avgctrl	+3s	-3s
-4.0	1.255813953488372	1.0837209302325583	1.870313753812455	0.29712810665266165
-3.0	1.1467889908256876	1.0177370030581039	1.4506023346579222	0.5848716714582856
-2.0	0.8698630136986313	0.9972602739726038	1.1643370375716258	0.8301835103735817
-1.0	0.9916839916839895	1.0320166320166306	1.1579494510223751	0.9060838130108861
0.0	1.2124756335282674	1.0129954515919444	1.149135046472432	0.8768558567114569
1.0	0.8481262327416192	1.0176199868507587	1.1407575837904147	0.8944823899111028
2.0	0.8894230769230752	1.0493589743589735	1.1960380569698597	0.9026798917480875
3.0	1.1899441340782138	1.0283054003724401	1.2701400462601125	0.7864707544847678
4.0	1.2560975609756104	0.9991869918699192	1.3411229516063745	0.6572510321334639
